INSERT OR IGNORE INTO District_Adjacencies (DistrictType, YieldChangeId)
SELECT	'DISTRICT_LIYUE_HARBOR', YieldChangeId
FROM	District_Adjacencies
WHERE	DistrictType = 'DISTRICT_COMMERCIAL_HUB';

INSERT OR IGNORE INTO District_GreatPersonPoints (DistrictType, GreatPersonClassType, PointsPerTurn)
SELECT	'DISTRICT_LIYUE_HARBOR', GreatPersonClassType, PointsPerTurn
FROM	District_GreatPersonPoints
WHERE	DistrictType = 'DISTRICT_COMMERCIAL_HUB';

INSERT OR IGNORE INTO District_TradeRouteYields (DistrictType, YieldType, YieldChangeAsOrigin, YieldChangeAsDomesticDestination, YieldChangeAsInternationalDestination)
SELECT	'DISTRICT_LIYUE_HARBOR', YieldType, YieldChangeAsOrigin, YieldChangeAsDomesticDestination, YieldChangeAsInternationalDestination
FROM	District_TradeRouteYields
WHERE	DistrictType = 'DISTRICT_COMMERCIAL_HUB';

INSERT OR IGNORE INTO District_CitizenYieldChanges (DistrictType, YieldType, YieldChange)
SELECT	'DISTRICT_LIYUE_HARBOR', YieldType, YieldChange
FROM	District_CitizenYieldChanges
WHERE	DistrictType = 'DISTRICT_COMMERCIAL_HUB';

INSERT OR IGNORE INTO TraitModifiers (TraitType, ModifierId, SubjectRequirementSetId)
VALUES	('TRAIT_CIVILIZATION_DISTRICT_LIYUE_HARBOR',	'MLGA_LIYUE_BUILDING_LIGHTHOUSE_MARKET_GOLD'		),
		('TRAIT_CIVILIZATION_DISTRICT_LIYUE_HARBOR',	'MLGA_LIYUE_BUILDING_LIGHTHOUSE_MARKET_TRC'			),
		('TRAIT_CIVILIZATION_DISTRICT_LIYUE_HARBOR',	'MLGA_LIYUE_BUILDING_LIGHTHOUSE_MARKET_GPP'	,		'BUILDING_IS_LIGHTHOUSE'),
		('TRAIT_CIVILIZATION_DISTRICT_LIYUE_HARBOR',	'MLGA_LIYUE_BUILDING_SHIPYARD_BANK_GOLD'			),
		('TRAIT_CIVILIZATION_DISTRICT_LIYUE_HARBOR',	'MLGA_LIYUE_BUILDING_SHIPYARD_BANK_GPP'	,			'BUILDING_IS_SHIPYARD'	),
		('TRAIT_CIVILIZATION_DISTRICT_LIYUE_HARBOR',	'MLGA_LIYUE_BUILDING_SEAPORT_STOCK_EXCHANGE_GOLD'	),
		('TRAIT_CIVILIZATION_DISTRICT_LIYUE_HARBOR',	'MLGA_LIYUE_BUILDING_SEAPORT_STOCK_EXCHANGE_GPP',	'BUILDING_IS_SEAPORT');

INSERT OR IGNORE INTO Modifiers (ModifierId, ModifierType)
VALUES	('MLGA_LIYUE_BUILDING_LIGHTHOUSE_MARKET_GOLD',		'MODIFIER_PLAYER_CITIES_ADJUST_BUILDING_YIELD_CHANGE'),
		('MLGA_LIYUE_BUILDING_LIGHTHOUSE_MARKET_TRC',		'MODIFIER_PLAYER_ADJUST_TRADE_ROUTE_CAPACITY'),
		('MLGA_LIYUE_BUILDING_LIGHTHOUSE_MARKET_GPP',		'MODIFIER_PLAYER_CITIES_ADJUST_GREAT_PERSON_POINT'),
		('MLGA_LIYUE_BUILDING_SHIPYARD_BANK_GOLD',			'MODIFIER_PLAYER_CITIES_ADJUST_BUILDING_YIELD_CHANGE'),
		('MLGA_LIYUE_BUILDING_SHIPYARD_BANK_GPP',			'MODIFIER_PLAYER_CITIES_ADJUST_GREAT_PERSON_POINT'),
		('MLGA_LIYUE_BUILDING_SEAPORT_STOCK_EXCHANGE_GOLD',	'MODIFIER_PLAYER_CITIES_ADJUST_BUILDING_YIELD_CHANGE'),
		('MLGA_LIYUE_BUILDING_SEAPORT_STOCK_EXCHANGE_GPP',	'MODIFIER_PLAYER_CITIES_ADJUST_GREAT_PERSON_POINT');

INSERT OR IGNORE INTO ModifierArguments (ModifierId, Name, Value)
VALUES	('MLGA_LIYUE_BUILDING_LIGHTHOUSE_MARKET_GOLD',		'BuildingType',			'BUILDING_LIGHTHOUSE'			),
		('MLGA_LIYUE_BUILDING_LIGHTHOUSE_MARKET_GOLD',		'YieldType',			'YIELD_GOLD'					),
		('MLGA_LIYUE_BUILDING_LIGHTHOUSE_MARKET_GOLD',		'Amount',				2								),
		('MLGA_LIYUE_BUILDING_LIGHTHOUSE_MARKET_TRC',		'Amount',				1								),
		('MLGA_LIYUE_BUILDING_LIGHTHOUSE_MARKET_GPP',		'GreatPersonClassType',	'GREAT_PERSON_CLASS_MERCHANT'	),
		('MLGA_LIYUE_BUILDING_LIGHTHOUSE_MARKET_GPP',		'Amount',				1								),
		('MLGA_LIYUE_BUILDING_SHIPYARD_BANK_GOLD',			'BuildingType',			'BUILDING_SHIPYARD'				),
		('MLGA_LIYUE_BUILDING_SHIPYARD_BANK_GOLD',			'YieldType',			'YIELD_GOLD'					),
		('MLGA_LIYUE_BUILDING_SHIPYARD_BANK_GOLD',			'Amount',				5								),
		('MLGA_LIYUE_BUILDING_SHIPYARD_BANK_GPP',			'GreatPersonClassType',	'GREAT_PERSON_CLASS_MERCHANT'	),
		('MLGA_LIYUE_BUILDING_SHIPYARD_BANK_GPP',			'Amount',				1								),
		('MLGA_LIYUE_BUILDING_SEAPORT_STOCK_EXCHANGE_GOLD',	'BuildingType',			'BUILDING_SEAPORT'				),
		('MLGA_LIYUE_BUILDING_SEAPORT_STOCK_EXCHANGE_GOLD',	'YieldType',			'YIELD_GOLD'					),
		('MLGA_LIYUE_BUILDING_SEAPORT_STOCK_EXCHANGE_GOLD',	'Amount',				11								),
		('MLGA_LIYUE_BUILDING_SEAPORT_STOCK_EXCHANGE_GPP',	'GreatPersonClassType',	'GREAT_PERSON_CLASS_MERCHANT'	),
		('MLGA_LIYUE_BUILDING_SEAPORT_STOCK_EXCHANGE_GPP',	'Amount',				1								);